{
    "rmse": 0.678862667778729,
    "mae": 0.5371258502675822,
    "r2": 0.2843596075877901
}